"title-titre-eng","title-titre-fra","referenceNumber-numeroReference","amendmentNumber-numeroModification","solicitationNumber-numeroSollicitation","publicationDate-datePublication","tenderClosingDate-appelOffresDateCloture","amendmentDate-dateModification","expectedContractStartDate-dateDebutContratPrevue","expectedContractEndDate-dateFinContratPrevue","tenderStatus-appelOffresStatut-eng","tenderStatus-appelOffresStatut-fra","gsin-nibs","gsinDescription-nibsDescription-eng","gsinDescription-nibsDescription-fra","unspsc","unspscDescription-eng","unspscDescription-fra","procurementCategory-categorieApprovisionnement","noticeType-avisType-eng","noticeType-avisType-fra","procurementMethod-methodeApprovisionnement-eng","procurementMethod-methodeApprovisionnement-fra","selectionCriteria-criteresSelection-eng","selectionCriteria-criteresSelection-fra","limitedTenderingReason-raisonAppelOffresLimite-eng","limitedTenderingReason-raisonAppelOffresLimite-fra","tradeAgreements-accordsCommerciaux-eng","tradeAgreements-accordsCommerciaux-fra","regionsOfOpportunity-regionAppelOffres-eng","regionsOfOpportunity-regionAppelOffres-fra","regionsOfDelivery-regionsLivraison-eng","regionsOfDelivery-regionsLivraison-fra","contractingEntityName-nomEntitContractante-eng","contractingEntityAddressLine-ligneAdresseEntiteContractante-eng","contractingEntityAddressCity-entiteContractanteAdresseVille-eng","contractingEntityAddressProvince-entiteContractanteAdresseProvince-eng","contractingEntityAddressPostalCode-entiteContractanteAdresseCodePostal","contractingEntityAddressCountry-entiteContractanteAdressePays-eng","contractingEntityName-nomEntitContractante-fra","contractingEntityAddressLine-ligneAdresseEntiteContractante-fra","contractingEntityAddressCity-entiteContractanteAdresseVille-fra","contractingEntityAddressProvince-entiteContractanteAdresseProvince-fra","contractingEntityAddressCountry-entiteContractanteAdressePays-fra","endUserEntitiesName-nomEntitesUtilisateurFinal-eng","endUserEntitiesAddress-adresseEntitesUtilisateurFinal-eng","endUserEntitiesName-nomEntitesUtilisateurFinal-fra","endUserEntitiesAddress-adresseEntitesUtilisateurFinal-fra","contactInfoName-informationsContactNom","contactInfoEmail-informationsContactCourriel","contactInfoPhone-contactInfoTelephone","contactInfoFax","contactInfoAddressLine-contactInfoAdresseLigne-eng","contactInfoCity-contacterInfoVille-eng","contactInfoProvince-contacterInfoProvince-eng","contactInfoPostalcode","contactInfoCountry-contactInfoPays-eng","contactInfoAddressLine-contactInfoAdresseLigne-fra","contactInfoCity-contacterInfoVille-fra","contactInfoProvince-contacterInfoProvince-fra","contactInfoCountry-contactInfoPays-fra","noticeURL-URLavis-eng","noticeURL-URLavis-fra","attachment-piecesJointes-eng","attachment-piecesJointes-fra","tenderDescription-descriptionAppelOffres-eng","tenderDescription-descriptionAppelOffres-fra"
"Weekly Courier Services - Hospital Operations","Services de messagerie hebdomadaires - Fonctionnement des hôpitaux","cb-120-98313427","000","1000262320A","2025-12-30","2026-01-19T17:00:00","","2026-03-01","2027-03-31","Open","Ouvert","","","","*78101809
*78102200
*78102203
*78102205
*80141800","*Road transport of letters and parcels
*Postal and small parcel and courier services
*Mailing or mail pick up or delivery services
*Letter or small parcel local delivery services
*Mailing services","*Transport routier de lettres et de colis
*Services postaux pour le courrier et les colis et messageries
*Services d'enlèvement ou de distribution de poste
*Services de livraison locale de courrier ou de petits colis
*Services d'expédition du courrier","*SRV","Request for Proposal","Demande de propositions","Competitive - Open bidding","Concurrentielle - Invitation ouverte à soumissionner","Highest Combined Rating of Technical Merit and Price","Cote combinée la plus élevée pour le mérite technique et le prix","","","*Canada-Colombia Free Trade Agreement
*Canada-Honduras Free Trade Agreement
*Canada-Peru Free Trade Agreement (CPFTA)
*Canada-Chile Free Trade Agreement (CCFTA)
*Canada-Panama Free Trade Agreement
*Canadian Free Trade Agreement (CFTA)
*Canada-Korea Free Trade Agreement (CKFTA)","*Accord de libre-échange Canada-Colombie
*Accord de libre-échange Canada-Honduras
*Accord de libre-échange Canada-Pérou (ALECP)
*Accord de libre-échange Canada-Chili (ALECC)
*Accord de libre-échange Canada-Panama
*Accord de libre-échange canadien (ALEC)
*Accord de libre-échange Canada-Corée","*Canada","*Canada","*Manitoba
*Canada","*Manitoba
*Canada","Department of Indigenous Services (ISC)","10 rue Wellington","Gatineau","Quebec","K1A0H4","Canada","Ministère des Services aux Autochtones (SAC)","10 rue Wellington","Gatineau","Quebec","Canada","","","","","Geordin","geordin.crosbie@sac-isc.gc.ca","(778) 783-3672","","1138 Melville Street","Vancouver","BC","V6E 4S3 ","Canada","1138 Melville Street","Vancouver"," BC","Canada","","","https://canadabuys.canada.ca/sites/default/files/webform/tender_notice/83302/1000262320a_rfp_en.pdf,https://canadabuys.canada.ca/sites/default/files/webform/tender_notice/83302/1000262320_appendix-1-of-annex-sow_-delivery-log.xlsx","https://canadabuys.canada.ca/sites/default/files/webform/tender_notice/83302/1000262320_appendice-1-de-lannexe-edt_registre-des-livraisons.xlsx,https://canadabuys.canada.ca/sites/default/files/webform/tender_notice/83302/1000262320a_rfp_fr.pdf","A courier service is required to provide all labour, materials, equipment, transportation and supervision necessary to provide delivery services for Indigenous Services Canada, Winnipeg, Manitoba. Delivery items will include interoffice mail, documents, lab specimens, and coolers.

The initial contract period will be for a year from the date of contract award with the possibility of two additional option years.

This bid solicitation cancels and supersedes previous solicitation no. 1000262320 dated 2025-12-10 with a closing date 2027-01-17 at 02:00PM (PST)","Un service de messagerie doit fournir toute la main-d'œuvre, le matériel, l'équipement, le transport et la supervision nécessaires pour assurer les services de livraison pour Services aux Autochtones Canada, Winnipeg, Manitoba. Les articles à livrer comprendront le courrier interne, les documents, les échantillons de laboratoire et les glacières.

La durée initiale du contrat sera d'un an à compter de la date d'attribution du contrat, avec la possibilité de deux années supplémentaires en option.

Cet appel d'offres annule et remplace l'appel d'offres précédent n° 1000262320 daté du 10 décembre 2025, dont la date de clôture était fixée au 17 janvier 2027 à 14 h 00 (heure du Pacifique)."
"NPP – S5635656 - THS SA – Two (2) 13.9 Special Advisor. Temporary Help Services against the Supply Arrangement for the National Capital Region (NCR).","APM – S5635656 - AMA SAT – Deux (2) 13.9 Conseiller spécial. Les services d'aide temporaire contre arrangement en matière d'approvisionnement pour la région de la capitale nationale (RCN).","cb-133-61948591","000","S5635656","2025-12-30","2026-01-09T15:00:00","","","","Open","Ouvert","","","","*80111600","*Temporary personnel services","*Services de personnels temporaires","*SRV","RFP against Supply Arrangement","Demande de proposition découlant d’un arrangement en matière d’approvisionnement","Competitive - Selective tendering","Concurrentielle - Appel d'offres sélectif","Lowest Price","Prix le plus bas","","","*Canadian Free Trade Agreement (CFTA)
*Comprehensive and Progressive Agreement for Trans-Pacific Partnership (CPTPP)","*Accord de libre-échange canadien (ALEC)
*Accord de Partenariat transpacifique global et progressiste (PTPGP)","*National Capital Region (NCR)","*Région de la capitale nationale (RCN)","*National Capital Region (NCR)","*Région de la capitale nationale (RCN)","Department of National Defence (DND)","60 Moodie Drive","Ottawa","ON","K2H 8G1","Canada","Ministère de la Défense nationale (MDN)","60 Moodie Drive","Ottawa","ON","Canada","","","","","CFSG(O-G) Temp Help","CFSGO-GTemporaryHelp-GSFCO-Gdaidetemporaire@forces.gc.ca","","","","","","","","","","","","","","","","Temporary Help Services Requirement

This requirement is for: Department of National Defense (DND)

This requirement is open only to those supply arrangement holders under EN578-172870 who qualified under the following streams and categories: Stream 13—Policy and advisory services- Stream - 13.9 -Special Advisor

The following SA Holders have been invited to submit a proposal: 

1.	1019837 Ontario Inc. 
2.	Altis Recruitment & Technology Inc. 
3.	Cache Computer Consulting Corp. 
4.	DLS Technology Corporation 
5.	H2 ANALYTICS INC. 
6.	HubSpoke Inc. 
7.	IBISKA Telecom Inc. 
8.	Kyndryl Canada Limited; ISM Information Systems Management Corporation IN JOINT VENTURE 
9.	MaxSys Staffing & Consulting Inc. 
10.	Prologic Systems Ltd. 
11.	Protak Consulting Group Inc. 
12.	SEASI Consulting Inc. 
13.	Strategic Relationships Solutions Inc. 
14.	TECH4SOFT INC., Expertise Technology Consulting Inc., in joint venture 
15.	Versatil BPI Inc.


Description of the Requirement:
Department of National Defense (DND) has a requirement for Temporary Help Services and has issued a Request for Proposal to suppliers generated from CPSS who are qualified under the streams and categories listed above.

Level of Security Requirement:
Resource(s) Minimum Security Level Required is: Top Secret SIGINT","Besoin en services d’aide temporaire
La présente exigence est pour : Ministère de la Défense Nationale(MDN)

Cette exigence est seulement réservée aux détenteurs d’arrangement en matière d’approvisionnement numéro EN578-172870 qualifiés sous les volets et catégories suivants: Volet 13 – Politique et services consultatifs -13.9 Conseiller spécial. Les détenteurs suivants d'arrangement en matière d'approvisionnement ont été invités à soumettre une proposition : 

1.	1.	1019837 Ontario Inc. 
2.	Altis Recruitment & Technology Inc. 
3.	Cache Computer Consulting Corp. 
4.	DLS Technology Corporation 
5.	H2 ANALYTICS INC. 
6.	HubSpoke Inc. 
7.	IBISKA Telecom Inc. 
8.	Kyndryl Canada Limited; ISM Information Systems Management Corporation IN JOINT VENTURE 
9.	MaxSys Staffing & Consulting Inc. 
10.	Prologic Systems Ltd. 
11.	Protak Consulting Group Inc. 
12.	SEASI Consulting Inc. 
13.	Strategic Relationships Solutions Inc. 
14.	TECH4SOFT INC., Expertise Technology Consulting Inc., in joint venture 
15.	Versatil BPI Inc.



Description de l’exigence :
Ministère de la Défense Nationale a besoin des services d’aide temporaire et a émis une demande de proposition aux fournisseurs générés par le SSPC et qualifiés sous les volets et catégories listés ci-haut.

Niveau de sécurité requis :
Niveau de sécurité minimum requis pour la ou les ressource(s): Tres Secret SIGiNT
"
"Vessel Monitoring Systems","Systèmes de surveillance du navire","cb-197-50586363","000","M2989-6-3887/A","2025-12-30","2026-01-30T17:00:00","","2026-01-30","2026-03-31","Open","Ouvert","","","","*41116400","*Acceleration and vibration measuring instruments","*Instruments de mesure des vibrations et des accélérations","*GD","Request for Proposal","Demande de propositions","Competitive - Open bidding","Concurrentielle - Invitation ouverte à soumissionner","Lowest Price","Prix le plus bas","","","*Canadian Free Trade Agreement (CFTA)","*Accord de libre-échange canadien (ALEC)","*Unspecified","*Non spécifiée","*British Columbia","*Colombie-Britannique","Royal Canadian Mounted Police (RCMP)","14200 Green Timbers Way","Surrey","BC","V3T 6P3","Canada","Gendarmerie royale du Canada (GRC)","14200 Green Timbers Way","Surrey","BC","Canada","","","","","Sherry Chen","sherry.chen@rcmp-grc.gc.ca","(778) 290-5419","","14200 Green Timbers Way","Surrey","British Columbia","V3T 6P3","Canada","14200 voie Green Timbers","Surrey","C.-B","Canada","","","https://canadabuys.canada.ca/sites/default/files/webform/tender_notice/83329/202603887---rfp_en_vimms_2025-12-30.pdf","https://canadabuys.canada.ca/sites/default/files/webform/tender_notice/83329/202603887---rfp_fr_vimms_2025-12-30_0.pdf","Barring any other conditions or international sanctions, Canadian Suppliers, Suppliers of an Applicable Trading Partner and Suppliers of a Non-Trading Partner, are eligible for this solicitation of bids.

The Royal Canadian Mounted Police (RCMP) require five (5) Vessel Impact & Motion Monitoring System Pro or equivalent Vessel Monitoring Systems.

All the deliverables must be received on or before March 14, 2026.

This procurement is subject to the Tsawwassen First Nation Final Agreement (2009)

Basis of selection: Lowest Price Compliant Proposal

Tenders must be submitted to:  the RCMP Bid Receiving Unit at: E_Pacific_Bids@rcmp-grc.gc.ca, Attention: Sherry Chen

Refer to the attached tender documents to obtain further information.

Canada retains the right to negotiate with any supplier on any procurement.

Documents may be submitted in either official language of Canada.

Name: 		Sherry Chen
Title: 		Procurement Officer
                        Royal Canadian Mounted Police
Directorate: 	Procurement and Contracting Unit
Address:	Mailstop# 909 – 14200 Green Timbers Way
		        Surrey, BC V3T 6P3
Telephone: 	778-290-5419
E-mail address: E_Pacific_Bids@rcmp-grc.gc.ca

Canada will make available Notices of Proposed Procurement (NPP), bid solicitations and related documents for download through the Government Electronic Tendering Service (GETS) at https://canadabuys.canada.ca/en/tender-opportunities . Canada is not responsible and will not assume any liabilities whatsoever for the information found on websites of third parties. In the event an NPP, bid solicitation or related documentation would be amended, Canada will not be sending notifications. Canada will post all amendments, including significant enquiries received and their replies, using GETS. It is the sole responsibility of the Bidder to regularly consult GETS for the most up-to-date information. Canada will not be liable for any oversight on the Bidder's part nor for notification services offered by a third party.

The RCMP has adopted the Ineligibility and Suspension Policy administered by Public Services and Procurement Canada. As a result, the supplier integrity and compliance provisions are being applied in RCMP contracting activities as outlined in this solicitation. 

Indigenous Procurement:
The federal Indigenous Business Directory (IBD) is an online resource for all levels of government and the private sector to identify Indigenous business capacity. Having a business profile in the IBD will increase your company’s visibility and may provide additional business. A profile in the IBD can also allow you to compete for federal government contracts that are set-aside for Indigenous businesses through the Procurement Strategy for Indigenous Businesses.  For more information and to review eligibility criteria and register, visit:  www.canada.ca/indigenousbusinessdirectory.

Green Procurement - Environmentally Preferable Packaging

The Royal Canadian Mounted Police (RCMP) is committed to promoting the procurement of environmentally preferable plastic products and the reduction of plastic packaging waste as per the Policy on Green Procurement, the Greening Government Strategy: A Government of Canada Directive, and the Ocean Plastics Charter. (select as appropriate Bidders/Offerors/Suppliers) are encouraged to use environmentally preferable packaging for all packaged goods to be delivered to the end user as part of this procurement.
","Si la Politique n’est pas applicable et qu’aucune autre condition ou sanction internationale ne s’applique, alors les fournisseurs canadiens, les fournisseurs d’un partenaire commercial applicable et les fournisseurs de partenaires non commerciaux sont admissibles à la demande de soumissions.

La GRC a besoin de cinq (5) systèmes de surveillance des impacts et du mouvement du navire VIMMS Pro ou de systèmes de surveillance équivalents.

Tous les biens livrables doivent être reçus au plus tard le Mars 14, 2026.

Ce marché est assujetti à l’Accord définitif de la Première Nation de Tsawwassen (2009).

Méthode de sélection : Proposition conforme ayant le prix le plus bas

Les soumissions doivent être envoyées au Groupe de la réception des soumissions de la GRC à l'adresse : E_Pacific_Bids@rcmp-grc.gc.ca Attention: Sherry Chen

Voir les documents d'appels d'offres ci-joints pour de plus amples renseignements.

Le Canada se réserve le droit de négocier tout achat avec les fournisseurs.

Les documents peuvent être soumis dans l'une ou l'autre des langues officielles du Canada.

Bureau des acquisitions: 

Nom: 		Sherry Chen
Titre: 		Agente responsible des acquisitions
                        Gendarmerie royale du Canada 
Direction: 	Sous-direction de l’approvisionnement et des contrats
Adresse:	arrêt postal 909 – 14200 voie Green Timbers
		        Surrey, C.-B. V3T 6P3
Téléphone: 	778-290-5419
Courriel:	E_Pacific_Bids@rcmp-grc.gc.ca

La méthode d’approvisionnement employée par la GRC est assujettie au Régime d’intégrité, administré par Services publics et Approvisionnement Canada. En conséquence, les dispositions relatives à l'intégrité sont appliquées aux activités de passation de marchés de la GRC, comme il est précisé dans la présente sollicitation. 

Le Canada diffusera les avis de projet de marché (APM), les demandes de soumissions et les documents connexes, aux fins de téléchargement, par l'entremise du Service électronique d'appels d'offres du gouvernement (SEAOG) à l'adresse Occasions de marché | AchatsCanada . Le Canada n'est pas responsable de l'information figurant sur les sites Web de tiers, et n'assumera aucune responsabilité, quelle qu'elle soit, à cet égard. Le Canada n'enverra aucun avis si un APM, une demande de soumissions ou des documents connexes sont modifiés. Le Canada affichera toutes les modifications, incluant les demandes de renseignements importantes reçues ainsi que les réponses, au moyen du SEAOG. Il appartient entièrement au soumissionnaire de consulter de façon régulière le SEAOG pour obtenir l'information la plus à jour. Le Canada ne sera pas responsable et n'assumera aucune responsabilité quant au manquement de la part du soumissionnaire à consulter les mises-à-jour sur le SEAOG, ni de l'utilisation des services d'avis offerts par un tiers.

Approvisionnement autochtone:

Le Répertoire fédéral des entreprises autochtones (REA) est une ressource en ligne permettant à tous les ordres de gouvernement et au secteur privé de déterminer la capacité des entreprises autochtones. Avoir un profil d’entreprise dans le REA augmentera la visibilité de votre entreprise et peut fournir des affaires supplémentaires. Un profil dans le REA peut également vous permettre de concourir pour des contrats du gouvernement fédéral qui sont réservés aux entreprises autochtones dans le cadre de la Stratégie d’approvisionnement pour les entreprises autochtones.  Pour plus d’informations et pour examiner les critères d’admissibilité et vous inscrire, visitez : www.canada.ca/repertoiredesentreprisesautochtones.

Achat écologique – Emballage écologique

La GRC s’engage à promouvoir l’achat de produits écologiques en plastique et la réduction des déchets d’emballage en plastique, conformément à la Politique d’achats écologiques, à la Stratégie pour un gouvernement vert : Une directive du gouvernement du Canada, et à la Charte sur les plastiques dans les océans. Les soumissionnaires sont encouragés à utiliser les emballages écologiques pour tous les biens emballés qui seront livrés à l’utilisateur final dans le cadre de cet approvisionnement.
"
"Information Management Architect services","Services d'architecte en gestion de l’information","cb-36-77045401","000","W3330-26-115","2025-12-30","2026-01-16T14:00:00","","","","Open","Ouvert","","","","*80161604
*81111705","*Information technology IT management services
*Systems architecture","*Service de gestion des technologies de l'information
*Architecture système","*SRV","Request for Supply Arrangement","Demande pour un arrangement en matière d’approvisionnement","Competitive - Selective tendering","Concurrentielle - Appel d'offres sélectif","Lowest Price","Prix le plus bas","","","*Comprehensive and Progressive Agreement for Trans-Pacific Partnership (CPTPP)
*Canada-Peru Free Trade Agreement (CPFTA)
*Canada-UK Trade Continuity Agreement (Canada-UK TCA)
*Canada-Ukraine Free Trade Agreement (CUFTA)
*Canada-Korea Free Trade Agreement (CKFTA)
*World Trade Organization Agreement on Government Procurement (WTO GPA)
*North American Free Trade Agreement (NAFTA)
*Canada-Honduras Free Trade Agreement
*Canada-European Union Comprehensive Economic and Trade Agreement (CETA)
*Canada-Chile Free Trade Agreement (CCFTA)
*Canadian Free Trade Agreement (CFTA)
*Canada-Colombia Free Trade Agreement
*Canada-Panama Free Trade Agreement","*Accord de Partenariat transpacifique global et progressiste (PTPGP)
*Accord de libre-échange Canada-Pérou (ALECP)
*Accord de continuité commerciale Canada–Royaume-Uni (ACC Canada-Royaume-Uni)
*Accord de libre-échange Canada-Ukraine (ALECU)
*Accord de libre-échange Canada-Corée
*Accord sur les marchés publics de l'Organisation mondiale du commerce (AMP-OMC)
*Accord de libre-échange nord-américain (ALENA)
*Accord de libre-échange Canada-Honduras
*Accord économique et commercial global (AECG) entre le Canada et l’Union européenne (UE)
*Accord de libre-échange Canada-Chili (ALECC)
*Accord de libre-échange canadien (ALEC)
*Accord de libre-échange Canada-Colombie
*Accord de libre-échange Canada-Panama","*Ottawa","*Ottawa","*Canada
*Ottawa","*Canada
*Ottawa","Department of National Defence (DND)","60 Moodie Drive","Ottawa","Ontario","K2H 8G2","Canada","Ministère de la Défense nationale (MDN)","60 Moodie Drive","Ottawa","Ontario","Canada","","","","","Stephanie Yuen","stephanie.yuen@forces.gc.ca","","","60 Moodie Drive","Ottawa","Ontario","K2H 8G2","Canada","","","","","","","https://canadabuys.canada.ca/sites/default/files/webform/tender_notice/83270/w3330-26-115---npp.pdf","https://canadabuys.canada.ca/sites/default/files/webform/tender_notice/83270/w3330-26-115---apm.pdf","This requirement is for: Department of National Defence.

This requirement is open only to those TBIPS Supply Arrangement Holders under EN578-170432 who qualified under Tier 1 under the National Capital Region, Level 3 for the following category: I.5 IM Architect

The requirement is intended to result in the award of one (1) contract.

Description of the Requirement:
This requirement pertains to the provision of professional Information Management Architect services to support the development of a connected and modernized EIA for DND/CAF, with a particular focus on Defence information classifications. The work will contribute to efforts aimed at enhancing the coherence, alignment, and effectiveness of Defence classification structures within the broader EIA framework.

Security:
There are security requirements associated with this requirement. Please note that SA Holders do not need to have the required clearance to submit a bid. For additional information, consult Part 6 - Security, Financial and Other Requirements, and Part 7 – Resulting Contract Clauses. For more information on personnel and organization security screening or security clauses, Bidders should refer to the Contract Security Program of Public Works and Government Services Canada (http://www.tpsgc-pwgsc.gc.ca/esc-src/introduction-eng.html) website.

Level of Security Requirement:
Security Requirement: SRCL applies
Minimum Corporate Security Required: Reliability Status
Minimum Resource Security Required: Reliability Status
Document Safeguarding Security Level Required: Not Applicable","Cette exigence concerne: Ministère de la Défense nationale.

Ce besoin est ouvert uniquement aux titulaires d'arrangements en matière d'approvisionnement pour les SPICT EN578-170432 qui se sont qualifiés sous Palier 1, sous la région de la capitale nationale, le niveau d'expertise 3 et pour la catégorie suivante : I.5 Architecte en gestion de l'information

Ce besoin vise à donner lieu à l'attribution de un (1) contrat.

Description des travaux :
La présente exigence concerne la prestation de services professionnels d’architecte de la gestion de l’information pour soutenir l’élaboration d’une AIE connectée et modernisée pour le MDN et les FAC, avec un accent particulier sur systèmes de classification de l’information de la Défense. Les travaux contribueront aux efforts visant à renforcer la cohérence, l’alignement et l’efficacité des structures de classification de la Défense dans le cadre plus large de l’AIE.

Sécurité :
Ce besoin comporte des exigences relatives à la sécurité. Veuillez noter que les titulaires d'AMA n'ont pas besoin d'avoir l'autorisation requise pour soumettre une offre. Pour de plus amples renseignements, consulter la Partie 6, Exigences relatives à la sécurité, exigences financières et autres exigences, et la Partie 7, Clauses du contrat subséquent. Pour de plus amples renseignements sur les enquêtes de sécurité sur le personnel et les organismes, les soumissionnaires devraient consulter le site Web du Programme de sécurité des contrats de Travaux publics et Services gouvernementaux Canada (http://www.tpsgc-pwgsc.gc.ca/esc-src/introduction-fra.html).

Niveau d'exigence de sécurité :
Exigences relatives à la sécurité : LVERS s’applique
Niveau minimum d'attestation de sécurité requis pour l'entreprise : Cote de Fiabilité
Niveau minimum d'attestation de sécurité requis pour la ou les ressources : Cote de Fiabilité
Niveau de sécurité de protection des documents requis : Non applicable"
"Protection and security services","Services de protection et de sécurité","cb-382-49472178","000","20252111","2025-12-30","2026-01-30T14:00:00","","2026-03-02","2027-03-31","Open","Ouvert","","","","*92121504","*Security guard services","*Services de gardiennage","*SRV","Request for Proposal","Demande de propositions","Competitive - Open bidding","Concurrentielle - Invitation ouverte à soumissionner","Highest Combined Rating of Technical Merit and Price","Cote combinée la plus élevée pour le mérite technique et le prix","","","*North American Free Trade Agreement (NAFTA)
*Canada-UK Trade Continuity Agreement (Canada-UK TCA)
*Canada-Panama Free Trade Agreement
*World Trade Organization Agreement on Government Procurement (WTO GPA)
*Canadian Free Trade Agreement (CFTA)
*Canada-European Union Comprehensive Economic and Trade Agreement (CETA)
*Canada-Honduras Free Trade Agreement
*Canada-Chile Free Trade Agreement (CCFTA)
*Canada-Ukraine Free Trade Agreement (CUFTA)
*Comprehensive and Progressive Agreement for Trans-Pacific Partnership (CPTPP)
*Canada-Peru Free Trade Agreement (CPFTA)
*Canada-Colombia Free Trade Agreement
*Canada-Korea Free Trade Agreement (CKFTA)","*Accord de libre-échange nord-américain (ALENA)
*Accord de continuité commerciale Canada–Royaume-Uni (ACC Canada-Royaume-Uni)
*Accord de libre-échange Canada-Panama
*Accord sur les marchés publics de l'Organisation mondiale du commerce (AMP-OMC)
*Accord de libre-échange canadien (ALEC)
*Accord économique et commercial global (AECG) entre le Canada et l’Union européenne (UE)
*Accord de libre-échange Canada-Honduras
*Accord de libre-échange Canada-Chili (ALECC)
*Accord de libre-échange Canada-Ukraine (ALECU)
*Accord de Partenariat transpacifique global et progressiste (PTPGP)
*Accord de libre-échange Canada-Pérou (ALECP)
*Accord de libre-échange Canada-Colombie
*Accord de libre-échange Canada-Corée","*Canada","*Canada","*Canada","*Canada","Privy Council Office (PCO)","85 Sparks Street","Ottawa","Ontario","K1P 5A7","Canada","Bureau du Conseil privé (BCP)","85 rue Sparks","Ottawa","Ontario","Canada","","","","","Kristin Bisch","Kristin.Bisch@pco-bcp.gc.ca","","","85 Sparks Street","Ottawa","Ontario","K1P 5A7","Canada","85 rue Sparks","Ottawa","Ontario","Canada","","","https://canadabuys.canada.ca/sites/default/files/webform/tender_notice/83292/notice-of-proposed-procurement-%28en.pdf,https://canadabuys.canada.ca/sites/default/files/webform/tender_notice/83292/request-for-proposal-20252111.pdf,https://canadabuys.canada.ca/sites/default/files/webform/tender_notice/83292/pricing-schedule.xlsx","https://canadabuys.canada.ca/sites/default/files/webform/tender_notice/83292/demande-de-propositions-20252111.pdf,https://canadabuys.canada.ca/sites/default/files/webform/tender_notice/83292/bareme-de-prix.xlsx,https://canadabuys.canada.ca/sites/default/files/webform/tender_notice/83292/avis-de-projet-de-marche-%28fr.pdf","The Privy Council Office has a requirement for specialized physical security and protection services for senior public officials and high-profile individuals across Canada.","Le Bureau du Conseil privé a besoin de services spécialisés de sécurité physique et de protection pour les hauts fonctionnaires et les personnes trés en vue dans tout le Canada."
"All terrain Vehicle (ATV) Rental Services","Services de location de véhicules tout-terrain ","cb-390-90028002","000","W3372-265108/A","2025-12-30","2026-01-12T14:00:00","","2026-02-05","2026-03-05","Open","Ouvert","","","","*78111808","*Vehicle rental","*Location de véhicules","*SRV","Request for Proposal","Demande de propositions","Competitive - Selective tendering","Concurrentielle - Appel d'offres sélectif","Lowest Price","Prix le plus bas","","","*Canada-Panama Free Trade Agreement
*North American Free Trade Agreement (NAFTA)
*Canada-European Union Comprehensive Economic and Trade Agreement (CETA)
*Canada-Ukraine Free Trade Agreement (CUFTA)
*Canada-Colombia Free Trade Agreement
*Canada-Honduras Free Trade Agreement
*Canada-Peru Free Trade Agreement (CPFTA)
*Comprehensive and Progressive Agreement for Trans-Pacific Partnership (CPTPP)
*Canada-Chile Free Trade Agreement (CCFTA)
*Canada-UK Trade Continuity Agreement (Canada-UK TCA)
*World Trade Organization Agreement on Government Procurement (WTO GPA)
*Canada-Korea Free Trade Agreement (CKFTA)
*Canadian Free Trade Agreement (CFTA)","*Accord de libre-échange Canada-Panama
*Accord de libre-échange nord-américain (ALENA)
*Accord économique et commercial global (AECG) entre le Canada et l’Union européenne (UE)
*Accord de libre-échange Canada-Ukraine (ALECU)
*Accord de libre-échange Canada-Colombie
*Accord de libre-échange Canada-Honduras
*Accord de libre-échange Canada-Pérou (ALECP)
*Accord de Partenariat transpacifique global et progressiste (PTPGP)
*Accord de libre-échange Canada-Chili (ALECC)
*Accord de continuité commerciale Canada–Royaume-Uni (ACC Canada-Royaume-Uni)
*Accord sur les marchés publics de l'Organisation mondiale du commerce (AMP-OMC)
*Accord de libre-échange Canada-Corée
*Accord de libre-échange canadien (ALEC)","*World","*Monde","*Alaska","*Alaska","Department of National Defence (DND)","101 Colonel By Drive","Ottawa","Ontario","K1A0K7","Canada","Ministère de la Défense nationale (MDN)","101 Promenade Colonel By","Ottawa","Ontario","Canada","","","","","Jesse Robertson","jesse.robertson2@forces.gc.ca","(343) 548-1612","","101 Colonel By Drive","Ottawa","Ontario","K1A0K7","Canada","101 Promenade Colonel By","Ottawa","Ontario","Canada","","","https://canadabuys.canada.ca/sites/default/files/webform/tender_notice/83282/w3372-265108---ref-eng.pdf,https://canadabuys.canada.ca/sites/default/files/webform/tender_notice/83282/w3372-265108--npp.pdf","https://canadabuys.canada.ca/sites/default/files/webform/tender_notice/83282/w3372-265108---rfp-fr.pdf,https://canadabuys.canada.ca/sites/default/files/webform/tender_notice/83282/w3372-265108--npp.pdf","NOTICE OF PROPOSED PROCUREMENT

File Number: W3372-265108/A

This requirement is for the Department of National Defence (DND) to rent thirty (30) ATVs with tracks. The intent of this solicitation is to establish up to a thirty three (33) day contract 

Time Frame of Delivery: The period commences February 1st, 2026, and finishes March 5th, 2026.

Documents may be submitted in either official language of Canada.

ADDITIONAL INFORMATION FOR BIDDERS
	
For services requirements, Bidders must provide the required information as detailed in article 2.3 of Part 2 of the bid solicitation, to comply with Treasury Board policies and directives on contracts awarded to former public servants.

Security Requirement:

There is no security requirement associated with this requirement:

Location of Work:

Region: Alaska, USA

Specific Location: Fort Wainwright, located at 4470 Gaffney Road, Fort Wainwright, Alaska, 99703, United States of America

BIDDERS’ INQUIRIES

Inquiries regarding this Request for Proposal requirement must be submitted to the Contracting Authority:

Name:  Jesse Robertson
Email:   Jesse.Robertson2@forces.gc.ca 

The Crown retains the rights to negotiate with suppliers on any procurement.
","AVIS DE PROJECT DE MARCHÉ

Numéro de dossier: W3372-265108/A

Cette exigence concerne le ministère de la Défense nationale (MDN) pour la location de trente (30) VTT avec chenilles. L’objectif du présent appel d’offres est d’établir un contrat d’une durée maximale de trente-trois (33) jours.

Période de livraison : La période commence le 1er février 2026 et se termine le 5 mars 2026.


INFORMATION ADDITIONEL POUR LES FOURNISSEURS

Pour les besoins en matière de services, les soumissionnaires doivent présenter les renseignements demandés, tel que le décrit l’article 2.3 de la partie 2 de la demande de soumissions, afin de se conformer aux politiques et aux directives du Conseil du Trésor sur les marchés attribués à d’anciens fonctionnaires.

Exigences relatives à la sécurité : 

Il n’y a aucune exigence en matière de sécurité associée à cette exigence.

Lieu de travail :

Région : Alaska, États-Unis

Lieu spécifique : Fort Wainwright, situé au 4470 Gaffney Road, Fort Wainwright, Alaska, 99703, États-Unis d’Amérique                            

DEMANDES DE RENSEIGNEMENTS

Toute demande de renseignements concernant cette demande de propositions devra être adressée à l’autorité contractante, dont les coordonnées figurent ci-dessous :

Nom :         Jesse Robertson
Courriel :    Jesse.Robertson2@forces.gc.ca et 

La Couronne se réserve le droit de négocier avec les fournisseurs pour tout marché d’approvisionnement.
"
"NPP - 2.15 Facilitator consultant (level 2)","APM - 2.15 Consultant facilitateur (niveau 2)","cb-421-59242080","000","5000083068","2025-12-30","2026-01-13T14:00:00","","","","Open","Ouvert","","","","*86132100","*Training planning, facilitation and delivery services","*Services de planification, d'animation et de prestation de formations","*SRV","Not Applicable","Sans objet","Competitive - Selective tendering","Concurrentielle - Appel d'offres sélectif","Highest Combined Rating of Technical Merit and Price","Cote combinée la plus élevée pour le mérite technique et le prix","","","*Canada-European Union Comprehensive Economic and Trade Agreement (CETA)
*Comprehensive and Progressive Agreement for Trans-Pacific Partnership (CPTPP)
*Canada-Peru Free Trade Agreement (CPFTA)
*Canada-UK Trade Continuity Agreement (Canada-UK TCA)
*Canada-Colombia Free Trade Agreement
*World Trade Organization Agreement on Government Procurement (WTO GPA)
*Canada-Honduras Free Trade Agreement
*Canada-Ukraine Free Trade Agreement (CUFTA)
*Canada-Korea Free Trade Agreement (CKFTA)
*Canadian Free Trade Agreement (CFTA)
*Canada-Chile Free Trade Agreement (CCFTA)
*Canada-Panama Free Trade Agreement","*Accord économique et commercial global (AECG) entre le Canada et l’Union européenne (UE)
*Accord de Partenariat transpacifique global et progressiste (PTPGP)
*Accord de libre-échange Canada-Pérou (ALECP)
*Accord de continuité commerciale Canada–Royaume-Uni (ACC Canada-Royaume-Uni)
*Accord de libre-échange Canada-Colombie
*Accord sur les marchés publics de l'Organisation mondiale du commerce (AMP-OMC)
*Accord de libre-échange Canada-Honduras
*Accord de libre-échange Canada-Ukraine (ALECU)
*Accord de libre-échange Canada-Corée
*Accord de libre-échange canadien (ALEC)
*Accord de libre-échange Canada-Chili (ALECC)
*Accord de libre-échange Canada-Panama","","","","","Department of the Environment (ECCC )","351 Saint-Joseph Blvd","Gatineau","Quebec","K1A 0H3","Canada","Ministère de l’Environnement (ECCC)","351, boul. Saint-Joseph","Gatineau","Québec","Canada","","","","","Samantha Hatzinikou","samantha.hatzinikou@ec.gc.ca","","","","","","","","","","","","","","https://canadabuys.canada.ca/sites/default/files/webform/tender_notice/83266/npp_5000083068.pdf","https://canadabuys.canada.ca/sites/default/files/webform/tender_notice/83266/apm_5000083068.pdf","NOTICE OF PROPOSED PROCUREMENT (NPP) - TSPS E60ZT-18TSPS - Category 2.15 Facilitator consultant (level 2)

Environment and Climate Change Canada requires the professional services of one intermediate Facilitator Consultant to guide National Aboriginal Council on Species at Risk (NACOSAR) meetings and discussions and to support the NACOSAR in providing strategic advice related to species at risk.","AVIS DE PROJET DE MARCHÉ (APM) - SPTS E60ZT-18TSPS - Catégorie 2.15 Consultant facilitateur (niveau 2)

Environnement et Changement climatique Canada (ECCC) a besoin des services professionnels d'un consultant facilitateur intermédiaire pour guider les réunions et les discussions du Conseil autochtone national sur les espèces en péril (CANEP) et pour aider le CANEP à fournir des conseils stratégiques sur les espèces en péril."
"Rotary Chairs","Fauteuils rotatif","cb-448-16414328","000","M4000-6-4284","2025-12-30","2026-01-15T13:00:00","","2026-01-22","2026-03-31","Open","Ouvert","","","","*56101504","*Chairs","*Chaises","*GD","Request for Proposal","Demande de propositions","Competitive - Open bidding","Concurrentielle - Invitation ouverte à soumissionner","Lowest Price","Prix le plus bas","","","*Canadian Free Trade Agreement (CFTA)","*Accord de libre-échange canadien (ALEC)","*Canada","*Canada","*Nova Scotia
*Stellarton","*Nouvelle-Écosse
*Stellarton","Royal Canadian Mounted Police (RCMP)","80 Garland Avenue","Dartmouth","Nova Scotia","B3B 0J8","Canada","Gendarmerie royale du Canada (GRC)","80, avenue Garland","Dartmouth","Nouvelle-Écosse ","Canada","","","","","Beth Churchill","beth.churchill@rcmp-grc.gc.ca","(782) 641-0745","","80 Garland Avenue","Dartmouth","Nova Scotia","B3B 0J8","Canada","80, avenue Garland","Dartmouth","Nouvelle-Écosse ","Canada","","","https://canadabuys.canada.ca/sites/default/files/webform/tender_notice/83281/m4000-6-4284-solicitation-en.pdf","https://canadabuys.canada.ca/sites/default/files/webform/tender_notice/83281/m4000-6-4284-solicitation-fr_0.pdf","1. This NPP is issued pursuant to PWGSC Supply Arrangement (SA) # E60PQ-120001/H and covers a requirement from the following product sub-category (ies) of the SA: 

- Product sub-category 1 - Rotary chairs and Rotary stools;

2. The Royal Canadian Mounted Police (RCMP) has a requirement for the purchase and delivery of office seating to Stellarton, NS by March 31, 2026. 


3. This NPP covers a requirement to be solicited amongst the General Stream (SA holders). 

4. There is no security associated with the requirement

5. Only suppliers who are pre-qualified and have been issued a supply arrangement are eligible to bid. Non-Supply Arrangement (Non-SA) holders may submit a bid to the Identified User (IU) but must also submit an arrangement to the Supply Arrangement Authority (SAA) for evaluation.  

The non-SA holders cannot be awarded a contract unless and until the SAA has issued an SA to that supplier for the products and services contained in the bid.  The process to qualify for a SA is detailed in RFSA # E60PQ-120001/H and can be found on the Government Electronic Tendering Service (GETS) (https://canadabuys.canada.ca/en/tender-opportunities?status%5B0%5D=1920&status%5B1%5D=87 ).  

Canada is not required to delay the award of a resulting contract pending the evaluation of an arrangement and issuance of a SA by the PWGSC Supply Arrangement Authority.

6. Inquiries:

Beth Churchill, RCMP
80 Garland
Dartmouth, NS  B3B 0J8
782-641-0745
Beth.churchill@rcmp-grc.gc.ca

Inquiries regarding this requirement must be submitted to the Contracting Authority named above.


If you wish to find out how you can be a pre-qualified SA holder, please contact TPSGC.PARCNAmeublement-APNCRFurniture.PWGSC@tpsgc-pwgsc.gc.ca
","1. Le présent APM est émis conformément à l’arrangement en matière d’approvisionnement (AMA)  no E60PQ-120001/H de TPSGC, et il concerne un besoin des catégories suivantes définies dans l’AMA : 

- Sous-catégorie 1 : Fauteuil Rotatif; Tabouret Rotatif

2. La Gendarmerie royale du Canada (GRC) a un besoin d’acheter des fauteuils de bureau et de les faire livrer à Stellarton, N. É. Avant le 31 mars 2026. 

3. Le présent APM concerne un besoin devant faire l’objet d’une demande de soumissions auprès des Volet général (titulaires d’un AMA). 

4. il n'y a pas de sécurité associée à l'exigence

5. Seuls les fournisseurs pré-qualifié et auxquels un arrangement en matière d’approvisionnement a été émis peuvent présenter une soumission. Les fournisseurs non titulaires d’un arrangement en matière d'approvisionnement (AMA) peuvent présenter une soumission à l’utilisateur désigné, mais doivent également soumettre un arrangement au responsable de l’AMA aux fins d’évaluations. 

Les fournisseurs non titulaires d’un AMA ne peuvent pas obtenir de contrat à moins que le responsable de l’AMA n’ait attribué un AMA à ces fournisseurs pour les biens ou les services visés par la soumission. Le processus devant être suivi pour devenir admissible à un AMA est décrit dans la DAMA E60PQ-120001/H, et peut être consulté sur le Service électronique d’appel d’offres du gouvernement (SEAOG) (https://achatscanada.canada.ca/fr/occasions-de-marche?status%5B0%5D=1920&status%5B1%5D=87 ). 

Le Canada n'est pas tenu de retarder l'attribution d'un contrat subséquent pour accorder au responsable de l'arrangement en matière d'approvisionnement de TPSGC le temps nécessaire à l'évaluation d’un arrangement et à l’attribution d’un AMA.

6. Demandes de renseignements :

Beth Churchill, GRC
80, avenue Garland
Dartmouth, N. É.  B3B 0J8
782-641-0745
Beth.churchill@rcmp-grc.gc.ca

Les demandes de renseignements concernant ce besoin doivent être transmises à l’autorité contractante identifiée ci-dessus


Si vous désirez savoir comment vous pouvez devenir un titulaire d’AMA qualifié, veuillez communiquer avec RCNAmeublement.NCRFurniture@tpsgc-pwgsc.gc.ca

"
"SAP Professional Services","Services professionnels SAP","cb-543-23958405","000","24062-26-152-001","2025-12-30","2026-01-15T14:00:00","","2026-02-02","2029-01-31","Open","Ouvert","","","","*43232802","*Network operating system enhancement software","*Logiciels d'amélioration du système d'exploitation réseau","*SRV","RFP against Supply Arrangement","Demande de proposition découlant d’un arrangement en matière d’approvisionnement","Competitive - Selective tendering","Concurrentielle - Appel d'offres sélectif","Highest Combined Rating of Technical Merit and Price","Cote combinée la plus élevée pour le mérite technique et le prix","","","*Canada-UK Trade Continuity Agreement (Canada-UK TCA)
*Canada-Korea Free Trade Agreement (CKFTA)
*Canada-Ukraine Free Trade Agreement (CUFTA)
*Canada-Chile Free Trade Agreement (CCFTA)
*Canada-Panama Free Trade Agreement
*Canadian Free Trade Agreement (CFTA)
*Comprehensive and Progressive Agreement for Trans-Pacific Partnership (CPTPP)
*Please refer to Tender Description or Tender Documents
*Canada-Colombia Free Trade Agreement
*World Trade Organization Agreement on Government Procurement (WTO GPA)
*Canada-Peru Free Trade Agreement (CPFTA)
*Canada-European Union Comprehensive Economic and Trade Agreement (CETA)
*Canada-Honduras Free Trade Agreement
*North American Free Trade Agreement (NAFTA)","*Accord de continuité commerciale Canada–Royaume-Uni (ACC Canada-Royaume-Uni)
*Accord de libre-échange Canada-Corée
*Accord de libre-échange Canada-Ukraine (ALECU)
*Accord de libre-échange Canada-Chili (ALECC)
*Accord de libre-échange Canada-Panama
*Accord de libre-échange canadien (ALEC)
*Accord de Partenariat transpacifique global et progressiste (PTPGP)
*Veuillez consulter la description ou les documents de l'appel d'offres
*Accord de libre-échange Canada-Colombie
*Accord sur les marchés publics de l'Organisation mondiale du commerce (AMP-OMC)
*Accord de libre-échange Canada-Pérou (ALECP)
*Accord économique et commercial global (AECG) entre le Canada et l’Union européenne (UE)
*Accord de libre-échange Canada-Honduras
*Accord de libre-échange nord-américain (ALENA)","*National Capital Region (NCR)","*Région de la capitale nationale (RCN)","*National Capital Region (NCR)","*Région de la capitale nationale (RCN)","Treasury Board (TBS)","90 Elgin Street, Ottawa, ON, K1A 0R5 Canada","Ottawa","Ontario","K1A 0R5","Canada","Conseil du Trésor (SCT)","90 Elgin Street, Ottawa, ON, K1A 0R5 Canada","Ottawa","Ontario","Canada","","","","","Shabani Mulongoy","shabani.mulongoy@tbs-sct.gc.ca","343549-8032","Not applicable","90 Elgin Street, Ottawa, ON, K1A 0R5 Canada","Ottawa","Ontario","K1A 0R5","Canada","90 Elgin Street, Ottawa, ON, K1A 0R5 Canada","Ottawa","Ontario","Canada","","","https://canadabuys.canada.ca/sites/default/files/webform/tender_notice/83018/24062-26-152-npp-en.pdf,https://canadabuys.canada.ca/sites/default/files/webform/tender_notice/83312/24062-26-152---q-a-series-1_0.pdf","https://canadabuys.canada.ca/sites/default/files/webform/tender_notice/83018/24062-26-152-npp-fr.pdf","Question and Answers series 1","Série de questions et réponses 1"
"Electoral Material – Transport Bag","Matériel électoral – Sac de transport","cb-577-38257014","000","ECBH-RFP-2025-3896","2025-12-30","2026-01-13T14:00:00","","2026-01-23","2026-03-31","Open","Ouvert","","","","*24111503
*44121509","*Plastic bags
*Mailing bags","*Sacs plastiques
*Sacs postaux","*GD","Request for Proposal","Demande de propositions","Competitive - Open bidding","Concurrentielle - Invitation ouverte à soumissionner","Lowest Price","Prix le plus bas","","","*Canada-Korea Free Trade Agreement (CKFTA)
*Canadian Free Trade Agreement (CFTA)
*Canada-European Union Comprehensive Economic and Trade Agreement (CETA)
*Canada-Ukraine Free Trade Agreement (CUFTA)
*Canada-UK Trade Continuity Agreement (Canada-UK TCA)
*Comprehensive and Progressive Agreement for Trans-Pacific Partnership (CPTPP)
*Canada-Panama Free Trade Agreement
*World Trade Organization Agreement on Government Procurement (WTO GPA)
*Canada-Peru Free Trade Agreement (CPFTA)
*Canada-Honduras Free Trade Agreement
*Canada-Colombia Free Trade Agreement
*Canada-Chile Free Trade Agreement (CCFTA)","*Accord de libre-échange Canada-Corée
*Accord de libre-échange canadien (ALEC)
*Accord économique et commercial global (AECG) entre le Canada et l’Union européenne (UE)
*Accord de libre-échange Canada-Ukraine (ALECU)
*Accord de continuité commerciale Canada–Royaume-Uni (ACC Canada-Royaume-Uni)
*Accord de Partenariat transpacifique global et progressiste (PTPGP)
*Accord de libre-échange Canada-Panama
*Accord sur les marchés publics de l'Organisation mondiale du commerce (AMP-OMC)
*Accord de libre-échange Canada-Pérou (ALECP)
*Accord de libre-échange Canada-Honduras
*Accord de libre-échange Canada-Colombie
*Accord de libre-échange Canada-Chili (ALECC)","*World","*Monde","*National Capital Region (NCR)","*Région de la capitale nationale (RCN)","Office of the Chief Electoral Officer (Elections)","30 Victoria Street","Gatineau","Québec","K1A 0M6","Canada","Bureau du directeur général des élections (Élections)","30 rue Victoria","Gatineau","Québec","Canada","","","","","Brandon Hua","proposition-proposal@elections.ca","(873) 415-0459","","30 Victoria Street","Gatineau","Québec","","Canada","30 rue Victoria","","Québec","Canada","","","https://canadabuys.canada.ca/sites/default/files/webform/tender_notice/83320/2025-3896-request-for-proposal-%28en---electoral-material---transport-bag.pdf","https://canadabuys.canada.ca/sites/default/files/webform/tender_notice/83320/2025-3896-request-for-proposal-%28fr---electoral-material---transport-bag.pdf","The Office of the Chief Electoral Officer (OCEO), an agent of Parliament, exercises general direction and supervision over the conduct of elections and referendums at the federal level and is commonly known as Elections Canada. 

Requirement
This requirement is for the product and delivery of:
a)	Transport Bag;

Security
There is no security requirement applicable to this procurement.

Period of the Contract 
The Contract period will be from the Effective Date of the Contract until 2026-03-31 (the “Initial Term”). 

The Contractor will grant to Elections Canada irrevocable options to extend the period of the Contract by one (1) additional period of two (2) years each under the same terms and conditions.

Submission of Proposals	

Submission Eligibility 

Barring any other conditions or international sanctions, Canadian Suppliers, Suppliers of an Applicable Trading Partner and Suppliers of a Non-Trading Partner, as defined in the article 1.2, are eligible for this solicitation of offers.

This solicitation allows bidders to use the Connect service provided by Canada Post Corporation to transmit their proposals electronically. For further information, bidders may refer to Part 2 – Bidder Instructions, and Part 3 – Proposal Preparation Instructions of the document.

Bidders may also decide to deliver their proposal in person or by mail. 

Proposals are to be addressed to the attention of the Contracting Authority and delivered, sealed, to the Proposal Receiving Unit on or before the bid closing date and time indicated on the front page of the solicitation.

For sending packages by courier or for dropping off, please note that the Proposal Receiving Unit at the Business Centre is open Mondays to Fridays from 8:00 to 12:00 and from 13:00 to 16:00 (Gatineau, Quebec time).

Bids sent via email or facsimile will not be accepted.

Documents may be submitted in either official language of Canada.

Elections Canada retains the right to negotiate with suppliers on any procurement.

Enquiries

All enquiries and other communication with Elections Canada personnel are to be directed ONLY to the Contracting Authority. The Contracting Authority will be the bidder’s primary contact. Bidders who contact anyone other than the Contracting Authority may be disqualified. 

All enquiries must be submitted in writing to proposal@elections.ca no later than the deadline indicated in the solicitation. Enquiries received after that time may not be answered.

Interested parties wishing to obtain the solicitation documents for this solicitation must do so through the tender notice on the CanadaBuys web page.The documents downloaded through this site take precedence over any copies that may also be made available.

Further information about Elections Canada may be obtained at elections.ca. 

Debriefings
Once the successful bidder has been announced, bidders may request a debriefing on the results of the solicitation process. Bidders should make the request to the Contracting Authority as per the terms of the solicitation and/or the regret letter. The debriefing may be in writing, by telephone or in person.","Le bureau du directeur général des élections est un agent du Parlement. Il dirige et surveille de façon générale la conduite des élections et des référendums fédéraux, communément appelé Élections Canada.

Besoin
Cette exigence concerne le produit et la livraison de :
a)	Sac de transport;

Sécurité 
Aucune exigence relative à la sécurité ne s’applique au l’appel.

Période du contrat
Le contrat s’étendra de la date d’entrée en vigueur jusqu’au 2026-03-31 (« durée initiale »).

L’entrepreneur accordera à Élections Canada l’option irrévocable de prolonger la durée du contrat d’une (1) période supplémentaire de deux (2) an chacune, selon les mêmes modalités.

Présentation des soumissions

Admissibilité
Sous réserve de toute autre condition ou sanction internationale, les Fournisseurs canadiens, les Fournisseurs d’un partenaire commercial concerné et les Fournisseurs d’un pays qui n’est pas un partenaire commercial, tels que définis dans l’article 1.2, sont admissibles à cette demande de propositions.

Pour cette sollicitation, les soumissionnaires peuvent utiliser le service Connexion postel de la Société canadienne des postes pour envoyer électroniquement leur proposition. Pour en savoir plus, se reporter à la partie 2, Instructions à l’intention des soumissionnaires, et à la partie 3, Instructions pour la préparation des soumissions de la sollicitation.

Les soumissions doivent être adressées à l’autorité contractante et envoyées, sous pli scellé, à l’Unité de réception des propositions, au plus tard à la date et à l’heure de clôture indiquées sur la page couverture de la sollicitation.

Si vous voulez envoyer votre soumission par service de messagerie ou venir la déposer en personne, notez que les heures d’ouverture de l’Unité de réception des propositions du Centre d’affaires sont du lundi au vendredi, de 8 h à 12 h et de 13 h à 16 h (heure de Gatineau, Québec).

Les soumissions envoyées par courrier électronique ou par télécopieur ne seront pas acceptées.

Les documents peuvent être présentés dans l’une ou l’autre des langues officielles du Canada.

Élections Canada se réserve le droit de négocier les dispositions de tout marché avec les fournisseurs.

Demandes de renseignements
Les demandes de renseignements et autres communications destinées aux représentants d’Élections Canada doivent être adressées UNIQUEMENT à l’autorité contractante, qui sera la principale personne-ressource du soumissionnaire. Les soumissionnaires qui communiquent avec toute autre personne pourraient être disqualifiés. 

Les demandes de renseignements doivent être faites par écrit et envoyées à proposition@elections.ca au plus tard à la date d’échéance indiquée dans la sollicitation. Les soumissionnaires qui présentent une demande de renseignements après cette date pourraient ne pas recevoir de réponse.

Les parties intéressées qui souhaitent obtenir les documents relatifs à cette sollicitation doivent les télécharger aux occasions des marchés au AchatsCanada .Les documents téléchargés sur cette page ont préséance sur toute autre copie disponible.

Vous trouverez d’autres renseignements sur Élections Canada à elections.ca.

Comptes rendus
Une fois le soumissionnaire retenu annoncé, les autres soumissionnaires pourront demander un compte rendu des résultats du processus d’appel d’offres relatif à la sollicitation. Le cas échéant, ils doivent en faire la demande auprès de l’autorité contractante, conformément aux modalités de la sollicitation ou la lettre de regret. Le compte rendu pourra alors être fourni par écrit, par téléphone ou en personne."
"Firearms Range Services","Services de champ de tir pour armes à feu","cb-585-42067170","000","50400-26-5146713","2025-12-30","2026-01-16T15:00:00","","2026-04-01","2031-04-01","Open","Ouvert","","","","*80131500","*Lease and rental of property or building","*Crédit-bail ou location de propriétés ou bâtiments","*SRV","Advance Contract Award Notice","Préavis d’attribution du contrat","Advance contract award notice","Préavis d'attribution du contrat","Lowest Price","Prix le plus bas","","","*Canada-Chile Free Trade Agreement (CCFTA)
*Canadian Free Trade Agreement (CFTA)","*Accord de libre-échange Canada-Chili (ALECC)
*Accord de libre-échange canadien (ALEC)","*Saskatoon","*Saskatoon","*Saskatchewan
*Saskatoon
*Canada","*Saskatchewan
*Saskatoon
*Canada","Correctional Service of Canada (CSC)","Regional Headquarters- Prairie Region, 3427 Faithfull Avenue","Saskatoon","SK","S7K 3X5","Canada","Service correctionnel du Canada (SCC)","Regional Headquarters- Prairie Region, 3427 Faithfull Avenue","Saskatoon","SK","Canada","","","","","Laurel Barrett","Laurel.Barrett@csc-scc.gc.ca","(306) 659-9300","","3427 Faithfull Avenue","Saskatoon","SK","S7K 3X5","Canada","3427 Faithfull Avenue","Saskatoon","SK","Canada","","","https://canadabuys.canada.ca/sites/default/files/webform/tender_notice/83297/50400-26-5146713-acan-en__0.pdf","https://canadabuys.canada.ca/sites/default/files/webform/tender_notice/83297/50400-26-5146713-pac_0.pdf","Correctional Service Canada is required by law and policy to provide firearms training to Correctional Officers and Correctional Officer Recruits as part of the Correctional Training Program and Emergency Response Training, Chemical Agents training and the Firearms Refresher training.","Le Service correctionnel du Canada est tenu, en vertu de la loi et des politiques, d’offrir une formation sur les armes à feu aux agents correctionnels et aux recrues, dans le cadre du Programme de formation correctionnelle (prestation régionale), ainsi que des formations aux interventions d’urgence, sur les agents chimiques et une remise à niveau sur les armes à feu."
"Electoral Material – Kraft Material K2","Matériel électoral – Papier kraft K2","cb-713-96817296","000","ECBH-RFP-2025-3873","2025-12-30","2026-01-13T14:00:00","","2026-01-23","2026-03-31","Open","Ouvert","","","","*24111502
*24113100","*Paper bags
*Boxes","*Sacs en papier
*Boîtes","*GD","Request for Proposal","Demande de propositions","Competitive - Open bidding","Concurrentielle - Invitation ouverte à soumissionner","Lowest Price","Prix le plus bas","","","*World Trade Organization Agreement on Government Procurement (WTO GPA)
*Canada-UK Trade Continuity Agreement (Canada-UK TCA)
*Canada-Panama Free Trade Agreement
*Comprehensive and Progressive Agreement for Trans-Pacific Partnership (CPTPP)
*Canada-Peru Free Trade Agreement (CPFTA)
*Canada-Chile Free Trade Agreement (CCFTA)
*Canada-Ukraine Free Trade Agreement (CUFTA)
*Canada-Honduras Free Trade Agreement
*Canada-Korea Free Trade Agreement (CKFTA)
*Canada-Colombia Free Trade Agreement
*Canadian Free Trade Agreement (CFTA)
*Canada-European Union Comprehensive Economic and Trade Agreement (CETA)","*Accord sur les marchés publics de l'Organisation mondiale du commerce (AMP-OMC)
*Accord de continuité commerciale Canada–Royaume-Uni (ACC Canada-Royaume-Uni)
*Accord de libre-échange Canada-Panama
*Accord de Partenariat transpacifique global et progressiste (PTPGP)
*Accord de libre-échange Canada-Pérou (ALECP)
*Accord de libre-échange Canada-Chili (ALECC)
*Accord de libre-échange Canada-Ukraine (ALECU)
*Accord de libre-échange Canada-Honduras
*Accord de libre-échange Canada-Corée
*Accord de libre-échange Canada-Colombie
*Accord de libre-échange canadien (ALEC)
*Accord économique et commercial global (AECG) entre le Canada et l’Union européenne (UE)","*World","*Monde","*National Capital Region (NCR)","*Région de la capitale nationale (RCN)","Office of the Chief Electoral Officer (Elections)","30 Victoria Street","Gatineau","Québec","K1A 0M6","Canada","Bureau du directeur général des élections (Élections)","30 rue Victoria","Gatineau","Québec","Canada","","","","","Brandon Hua","proposition-proposal@elections.ca","(873) 415-0459","","30 Victoria Street","Gatineau","Québec","K1A 0M6","Canada","30 rue Victoria","Gatineau","Québec","Canada","","","https://canadabuys.canada.ca/sites/default/files/webform/tender_notice/83314/2025-3873-request-for-proposal-%28en---electoral-material---kraft-material-k2.pdf","https://canadabuys.canada.ca/sites/default/files/webform/tender_notice/83314/2025-3873-request-for-proposal-%28fr---electoral-material---kraft-material-k2.pdf","The Office of the Chief Electoral Officer (OCEO), an agent of Parliament, exercises general direction and supervision over the conduct of elections and referendums at the federal level and is commonly known as Elections Canada. 

Requirement
This requirement is for the product and delivery of:
a)	Cardboard Sleeves;
b)	Boxes for Distribution Centre;
c)	Boxes for Civic Education Kits;
d)	Boxes for Miscellaneous Poll Supplies;
e)	Boxes for the return of election material; and
f)	Boxes for Voter Information Cards.

Security
There is no security requirement applicable to this procurement.

Period of the Contract 
The Contract period will be from the Effective Date of the Contract until 2026-03-31(the “Initial Term”). 

The Contractor will grant to Elections Canada irrevocable options to extend the period of the Contract by one (1) additional period of two (2) years each under the same terms and conditions.

Submission of Proposals	

Submission Eligibility 

Barring any other conditions or international sanctions, Canadian Suppliers, Suppliers of an Applicable Trading Partner and Suppliers of a Non-Trading Partner, as defined in the article 1.2, are eligible for this solicitation of offers.

This solicitation allows bidders to use the Connect service provided by Canada Post Corporation to transmit their proposals electronically. For further information, bidders may refer to Part 2 – Bidder Instructions, and Part 3 – Proposal Preparation Instructions of the document.

Bidders may also decide to deliver their proposal in person or by mail. 

Proposals are to be addressed to the attention of the Contracting Authority and delivered, sealed, to the Proposal Receiving Unit on or before the bid closing date and time indicated on the front page of the solicitation.

For sending packages by courier or for dropping off, please note that the Proposal Receiving Unit at the Business Centre is open Mondays to Fridays from 8:00 to 12:00 and from 13:00 to 16:00 (Gatineau, Quebec time).

Bids sent via email or facsimile will not be accepted.

Documents may be submitted in either official language of Canada.

Elections Canada retains the right to negotiate with suppliers on any procurement.

Enquiries

All enquiries and other communication with Elections Canada personnel are to be directed ONLY to the Contracting Authority. The Contracting Authority will be the bidder’s primary contact. Bidders who contact anyone other than the Contracting Authority may be disqualified. 

All enquiries must be submitted in writing to proposal@elections.ca no later than the deadline indicated in the solicitation. Enquiries received after that time may not be answered.

Interested parties wishing to obtain the solicitation documents for this solicitation must do so through the tender notice on the CanadaBuys web page.The documents downloaded through this site take precedence over any copies that may also be made available.

Further information about Elections Canada may be obtained at elections.ca. 

Debriefings
Once the successful bidder has been announced, bidders may request a debriefing on the results of the solicitation process. Bidders should make the request to the Contracting Authority as per the terms of the solicitation and/or the regret letter. The debriefing may be in writing, by telephone or in person.","Le bureau du directeur général des élections est un agent du Parlement. Il dirige et surveille de façon générale la conduite des élections et des référendums fédéraux, communément appelé Élections Canada.

Besoin
Cette exigence concerne le produit et la livraison de :
a)	Pochette en carton;
b)	Boîte pour le Centre de distribution;
c)	Boîte pour les trousses d’éducation civique;
d)	Boîte pour les fournitures de vote diverses;
e)	Boîte pour le retour du matériel électoral; et
f)	Boîte pour cartes d’information électorale.

Sécurité 
Aucune exigence relative à la sécurité ne s’applique au l’appel.

Période du contrat
Le contrat s’étendra de la date d’entrée en vigueur jusqu’au 2026-03-31 (« durée initiale »).

L’entrepreneur accordera à Élections Canada l’option irrévocable de prolonger la durée du contrat d’une (1) période supplémentaire de deux (2) an chacune, selon les mêmes modalités.

Présentation des soumissions

Admissibilité
Sous réserve de toute autre condition ou sanction internationale, les Fournisseurs canadiens, les Fournisseurs d’un partenaire commercial concerné et les Fournisseurs d’un pays qui n’est pas un partenaire commercial, tels que définis dans l’article 1.2, sont admissibles à cette demande de propositions.

Pour cette sollicitation, les soumissionnaires peuvent utiliser le service Connexion postel de la Société canadienne des postes pour envoyer électroniquement leur proposition. Pour en savoir plus, se reporter à la partie 2, Instructions à l’intention des soumissionnaires, et à la partie 3, Instructions pour la préparation des soumissions de la sollicitation.

Les soumissions doivent être adressées à l’autorité contractante et envoyées, sous pli scellé, à l’Unité de réception des propositions, au plus tard à la date et à l’heure de clôture indiquées sur la page couverture de la sollicitation.

Si vous voulez envoyer votre soumission par service de messagerie ou venir la déposer en personne, notez que les heures d’ouverture de l’Unité de réception des propositions du Centre d’affaires sont du lundi au vendredi, de 8 h à 12 h et de 13 h à 16 h (heure de Gatineau, Québec).

Les soumissions envoyées par courrier électronique ou par télécopieur ne seront pas acceptées.

Les documents peuvent être présentés dans l’une ou l’autre des langues officielles du Canada.

Élections Canada se réserve le droit de négocier les dispositions de tout marché avec les fournisseurs.

Demandes de renseignements
Les demandes de renseignements et autres communications destinées aux représentants d’Élections Canada doivent être adressées UNIQUEMENT à l’autorité contractante, qui sera la principale personne-ressource du soumissionnaire. Les soumissionnaires qui communiquent avec toute autre personne pourraient être disqualifiés. 

Les demandes de renseignements doivent être faites par écrit et envoyées à proposition@elections.ca au plus tard à la date d’échéance indiquée dans la sollicitation. Les soumissionnaires qui présentent une demande de renseignements après cette date pourraient ne pas recevoir de réponse.

Les parties intéressées qui souhaitent obtenir les documents relatifs à cette sollicitation doivent les télécharger aux occasions des marchés au AchatsCanada .Les documents téléchargés sur cette page ont préséance sur toute autre copie disponible.

Vous trouverez d’autres renseignements sur Élections Canada à elections.ca.

Comptes rendus
Une fois le soumissionnaire retenu annoncé, les autres soumissionnaires pourront demander un compte rendu des résultats du processus d’appel d’offres relatif à la sollicitation. Le cas échéant, ils doivent en faire la demande auprès de l’autorité contractante, conformément aux modalités de la sollicitation ou la lettre de regret. Le compte rendu pourra alors être fourni par écrit, par téléphone ou en personne."
"Carbonless Papers – BS-09 – PAP1","Papiers autocopiants – BS-09 – PAP1","cb-833-32642154","000","ECBH-RFP-2025-3950","2025-12-30","2026-01-13T14:00:00","","2026-01-23","2026-12-30","Open","Ouvert","","","","*14110000
*14111500
*14111800","*Paper products
*Printing and writing paper
*Business use papers","*Produits de papeterie
*Papier d'imprimerie et d'écriture
*Papiers à usage professionnel","*GD","Request for Proposal","Demande de propositions","Competitive - Open bidding","Concurrentielle - Invitation ouverte à soumissionner","Lowest Price","Prix le plus bas","","","*Canada-Peru Free Trade Agreement (CPFTA)
*Canada-UK Trade Continuity Agreement (Canada-UK TCA)
*Comprehensive and Progressive Agreement for Trans-Pacific Partnership (CPTPP)
*Canada-Honduras Free Trade Agreement
*Canada-Ukraine Free Trade Agreement (CUFTA)
*Canada-Chile Free Trade Agreement (CCFTA)
*Canada-European Union Comprehensive Economic and Trade Agreement (CETA)
*Canada-Panama Free Trade Agreement
*World Trade Organization Agreement on Government Procurement (WTO GPA)
*Canada-Colombia Free Trade Agreement
*Canada-Korea Free Trade Agreement (CKFTA)
*Canadian Free Trade Agreement (CFTA)","*Accord de libre-échange Canada-Pérou (ALECP)
*Accord de continuité commerciale Canada–Royaume-Uni (ACC Canada-Royaume-Uni)
*Accord de Partenariat transpacifique global et progressiste (PTPGP)
*Accord de libre-échange Canada-Honduras
*Accord de libre-échange Canada-Ukraine (ALECU)
*Accord de libre-échange Canada-Chili (ALECC)
*Accord économique et commercial global (AECG) entre le Canada et l’Union européenne (UE)
*Accord de libre-échange Canada-Panama
*Accord sur les marchés publics de l'Organisation mondiale du commerce (AMP-OMC)
*Accord de libre-échange Canada-Colombie
*Accord de libre-échange Canada-Corée
*Accord de libre-échange canadien (ALEC)","*World","*Monde","*National Capital Region (NCR)","*Région de la capitale nationale (RCN)","Office of the Chief Electoral Officer (Elections)","30 Victoria Street","Gatineau","Québec","K1A 0M6","Canada","Bureau du directeur général des élections (Élections)","30 rue Victoria","Gatineau","Québec","Canada","","","","","Brandon Hua","proposition-proposal@elections.ca","873415-0459","","30 Victoria Street","Gatineau","Québec","K1A 0M6","Canada","30 rue Victoria","Gatineau","Québec","Canada","","","https://canadabuys.canada.ca/sites/default/files/webform/tender_notice/83324/2025-3950-request-for-proposal-%28en---carbonless-papers---bs-09---pap1.pdf","https://canadabuys.canada.ca/sites/default/files/webform/tender_notice/83324/2025-3950-request-for-proposal-%28fr---carbonless-papers---bs-09---pap1.pdf","The Office of the Chief Electoral Officer (OCEO), an agent of Parliament, exercises general direction and supervision over the conduct of elections and referendums at the federal level and is commonly known as Elections Canada. 

Requirement
This requirement is for the product and delivery of:
a)	Carbonless paper prints.

Security
There is no security requirement applicable to this procurement.

Period of the Contract 
The Contract period will be from the Effective Date of the Contract until 2028-03-31(the “Initial Term”). 

The Contractor will grant to Elections Canada irrevocable options to extend the period of the Contract by one (1) additional period of two (2) years each under the same terms and conditions.

Submission of Proposals	

Submission Eligibility 

Barring any other conditions or international sanctions, Canadian Suppliers, Suppliers of an Applicable Trading Partner and Suppliers of a Non-Trading Partner, as defined in the article 1.2, are eligible for this solicitation of offers.

This solicitation allows bidders to use the Connect service provided by Canada Post Corporation to transmit their proposals electronically. For further information, bidders may refer to Part 2 – Bidder Instructions, and Part 3 – Proposal Preparation Instructions of the document.

Bidders may also decide to deliver their proposal in person or by mail. 

Proposals are to be addressed to the attention of the Contracting Authority and delivered, sealed, to the Proposal Receiving Unit on or before the bid closing date and time indicated on the front page of the solicitation.

For sending packages by courier or for dropping off, please note that the Proposal Receiving Unit at the Business Centre is open Mondays to Fridays from 8:00 to 12:00 and from 13:00 to 16:00 (Gatineau, Quebec time).

Bids sent via email or facsimile will not be accepted.

Documents may be submitted in either official language of Canada.

Elections Canada retains the right to negotiate with suppliers on any procurement.

Enquiries

All enquiries and other communication with Elections Canada personnel are to be directed ONLY to the Contracting Authority. The Contracting Authority will be the bidder’s primary contact. Bidders who contact anyone other than the Contracting Authority may be disqualified. 

All enquiries must be submitted in writing to proposal@elections.ca no later than the deadline indicated in the solicitation. Enquiries received after that time may not be answered.

Interested parties wishing to obtain the solicitation documents for this solicitation must do so through the tender notice on the CanadaBuys web page.The documents downloaded through this site take precedence over any copies that may also be made available.

Further information about Elections Canada may be obtained at elections.ca. 

Debriefings
Once the successful bidder has been announced, bidders may request a debriefing on the results of the solicitation process. Bidders should make the request to the Contracting Authority as per the terms of the solicitation and/or the regret letter. The debriefing may be in writing, by telephone or in person.","Le bureau du directeur général des élections est un agent du Parlement. Il dirige et surveille de façon générale la conduite des élections et des référendums fédéraux, communément appelé Élections Canada.

Besoin
Cette exigence concerne le produit et la livraison de :
a)	Impressions sur papier autocopiant.

Sécurité 
Aucune exigence relative à la sécurité ne s’applique au l’appel.

Période du contrat
Le contrat s’étendra de la date d’entrée en vigueur jusqu’au 2028-03-31 (« durée initiale »).

L’entrepreneur accordera à Élections Canada l’option irrévocable de prolonger la durée du contrat d’une (1) période supplémentaire de deux (2) an chacune, selon les mêmes modalités.

Présentation des soumissions

Admissibilité
Sous réserve de toute autre condition ou sanction internationale, les Fournisseurs canadiens, les Fournisseurs d’un partenaire commercial concerné et les Fournisseurs d’un pays qui n’est pas un partenaire commercial, tels que définis dans l’article 1.2, sont admissibles à cette demande de propositions.

Pour cette sollicitation, les soumissionnaires peuvent utiliser le service Connexion postel de la Société canadienne des postes pour envoyer électroniquement leur proposition. Pour en savoir plus, se reporter à la partie 2, Instructions à l’intention des soumissionnaires, et à la partie 3, Instructions pour la préparation des soumissions de la sollicitation.

Les soumissions doivent être adressées à l’autorité contractante et envoyées, sous pli scellé, à l’Unité de réception des propositions, au plus tard à la date et à l’heure de clôture indiquées sur la page couverture de la sollicitation.

Si vous voulez envoyer votre soumission par service de messagerie ou venir la déposer en personne, notez que les heures d’ouverture de l’Unité de réception des propositions du Centre d’affaires sont du lundi au vendredi, de 8 h à 12 h et de 13 h à 16 h (heure de Gatineau, Québec).

Les soumissions envoyées par courrier électronique ou par télécopieur ne seront pas acceptées.

Les documents peuvent être présentés dans l’une ou l’autre des langues officielles du Canada.

Élections Canada se réserve le droit de négocier les dispositions de tout marché avec les fournisseurs.

Demandes de renseignements
Les demandes de renseignements et autres communications destinées aux représentants d’Élections Canada doivent être adressées UNIQUEMENT à l’autorité contractante, qui sera la principale personne-ressource du soumissionnaire. Les soumissionnaires qui communiquent avec toute autre personne pourraient être disqualifiés. 

Les demandes de renseignements doivent être faites par écrit et envoyées à proposition@elections.ca au plus tard à la date d’échéance indiquée dans la sollicitation. Les soumissionnaires qui présentent une demande de renseignements après cette date pourraient ne pas recevoir de réponse.

Les parties intéressées qui souhaitent obtenir les documents relatifs à cette sollicitation doivent les télécharger aux occasions des marchés au AchatsCanada .Les documents téléchargés sur cette page ont préséance sur toute autre copie disponible.

Vous trouverez d’autres renseignements sur Élections Canada à elections.ca.

Comptes rendus
Une fois le soumissionnaire retenu annoncé, les autres soumissionnaires pourront demander un compte rendu des résultats du processus d’appel d’offres relatif à la sollicitation. Le cas échéant, ils doivent en faire la demande auprès de l’autorité contractante, conformément aux modalités de la sollicitation ou la lettre de regret. Le compte rendu pourra alors être fourni par écrit, par téléphone ou en personne."
"F1705-250548 - Phase 1- Mt. Helmcken Communication Tower","F1705-250548 - Phase 1- Tour de communication du Mont Helmcken","WS5496297033-Doc5497304668","000","WS5496297033","2025-12-24","2026-01-13T14:00:00","2025-12-30","2026-02-10","","Open","Ouvert","","","","*72141118","*Telecommunication transmission tower construction service","*Service de construction de tours de transmission de télécommunications","*CNST","Invitation to Qualify","Invitation à se qualifier","Competitive - Open bidding","Concurrentielle - Invitation ouverte à soumissionner","Lowest Price","Prix le plus bas","None","Aucune","*Canadian Free Trade Agreement (CFTA)","*Accord de libre-échange canadien (ALEC)","","","*Canada
*British Columbia","*Canada
*Colombie-Britannique","Department of Public Works and Government Services (PSPC)","11 Laurier St, Phase III, Place du Portage","Gatineau","Quebec","K1A 0S5","Canada"," Ministère des Travaux publics et des Services gouvernementaux (SPAC)","11, rue Laurier, Phase III, Place du Portage","Gatineau","Québec","Canada","Department of National Defence (DND)","101 Colonel By Dr,Ottawa,Ontario,K1A0K2,Canada"," Ministère de la Défense nationale (MDN)","101, promenade Colonel By,Ottawa,Ontario,K1A0K2,Canada","Camara, Oulematou (SPAC/PSPC)","oulematou.camara@tpsgc-pwgsc.gc.ca","","","","","","","","","","","","https://portal.us.bn.cloud.ariba.com/dashboard/public/appext/comsapsbncdiscoveryui#/RfxEvent/preview/1110001231?anId=ANONYMOUS","https://portal.us.bn.cloud.ariba.com/dashboard/public/appext/comsapsbncdiscoveryui#/RfxEvent/preview/1110001231?anId=ANONYMOUS","","","Canadian Coast Guard (CCG) has a requirement for the construction of Mt. Helmcken Communication Tower . The work for this requirement includes the construction of a self-supported tower on a CCG communication site. The site work involves mobilizing and demobilizing all necessary resources, removing localized rock, and constructing a new 61-meter self-supported tower with its foundations, grounding systems, lightning protection, and waveguide bridge. It also includes connecting the new grounding system to the existing one and removing the old 58-meter guyed tower after the switchover.
The work is to be completed on Mt. Helmcken which is a site located approximately 15 kilometres west-south west of Victoria, BC. Site coordinates are approximately 48° 24' 07.78"" N, 123° 34' 21.84"" W.
All design work must be complete and approved prior to March 31, 2026.
Completion of tower erection must be achieved no later than August 31, 2026.
Completion of all work must be achieved no later than March 31, 2027.

","La Garde Côtière Canadienne (GCC) a un besoin pour la construction de la Tour de Communication du Mont Helmcken. Les travaux du présent associés à la présente demande comprennent la construction d’une tour autoportante sur un site de communication éloigné de GCC. Les travaux sur le site comprennent la mobilisation et la démobilisation des ressources nécessaires, l’enlèvement localisé de roches et la construction d’une nouvelle tour autoportante de 61 mètres avec ses fondations, systèmes de mise à la terre, protection contre la foudre et pont de guide d’ondes. Ils incluent également le raccordement du nouveau système de mise à la terre à l’existant et le démantèlement de l’ancienne tour haubanée de 58 mètres après la transition.
Les travaux doivent être réalisés sur le Mont Helmcken, un site qui se trouve à environ 15 kilomètres au sud-ouest de Victoria, en Colombie-Britannique. Les coordonnées du site sont approximativement 48° 24' 07,78"" N, 123° 34' 21,84"" O.
Tous les travaux de conception doivent être terminés et approuvés avant le 31 mars 2026.
La construction de la tour doit être achevée au plus tard le 31 août 2026.
Tous les travaux doivent être terminés au plus tard le 31 mars 2027."
"W6888-265063 Aviation Fuel Pumps","W6888-265063 Pompes à carburant d'aviation","WS5494693685-Doc5501940931","000","WS5494693685","2025-12-30","2026-01-23T14:00:00","2025-12-30","2026-03-02","","Open","Ouvert","","","","*20142700
*40151500
*40151700","*Pumping units
*Pumps
*Pump parts and accessories","*Unités de pompage
*Pompes
*Pièces et accessoires de pompe","*GD","Request for Proposal","Demande de propositions","Competitive - Open bidding","Concurrentielle - Invitation ouverte à soumissionner","Lowest Price","Prix le plus bas","None","Aucune","*Canada-Korea Free Trade Agreement (CKFTA)
*Canadian Free Trade Agreement (CFTA)","*Accord de libre-échange Canada-Corée
*Accord de libre-échange canadien (ALEC)","","","*Ontario (except NCR)","*Ontario (sauf RCN)","Department of Public Works and Government Services (PSPC)","11 Laurier St, Phase III, Place du Portage","Gatineau","Quebec","K1A 0S5","Canada"," Ministère des Travaux publics et des Services gouvernementaux (SPAC)","11, rue Laurier, Phase III, Place du Portage","Gatineau","Québec","Canada","Department of National Defence (DND)","101 Colonel By Dr,Ottawa,Ontario,K1A0K2,Canada"," Ministère de la Défense nationale (MDN)","101, promenade Colonel By,Ottawa,Ontario,K1A0K2,Canada","Yu, Elizabeth (SPAC/PSPC)","elizabeth.yu@tpsgc-pwgsc.gc.ca","","","","","","","","","","","","https://portal.us.bn.cloud.ariba.com/dashboard/public/appext/comsapsbncdiscoveryui#/RfxEvent/preview/1110001464?anId=ANONYMOUS","https://portal.us.bn.cloud.ariba.com/dashboard/public/appext/comsapsbncdiscoveryui#/RfxEvent/preview/1110001464?anId=ANONYMOUS","","","AMENDMENT TO RESPONSE DEADLINE CLOSING TIME: Please disregard the Ariba Discovery posting response deadline closing time. All required supporting documentation and bid submission must be submitted by 23 January 2026 at 14:00 EST. All bids submitted after 14:00 EST will result in the bid being declared non-responsive.  
 Real Property Operations Unit (Ontario) Detachment Trenton (RP Ops Det Trenton) requires purchase of F34 receiving and issuing pumps for bulk aviation fuel transfer at CFB Trenton. The full Request for Proposal (RFP) and attachments can only be accessed and downloaded when logged into your SAP Ariba account and you have filled out your Government of Canada profile.       
 All amendments to this RFP will be posted in the Event Messages board in SAP Ariba.   
 Do you have questions about the technical requirements of this RFP? Here’s how to submit your questions:  
 Questions specific to the technical requirements of this tender need to be sent through the Event Messages board of this RFP.
 
 Contact information:
 Supply Officer, Procurement Public Services and Procurement Canada (PSPC) - Ontario Region / Government of Canada
 elizabeth.yu@tpsgc-pwgsc.gc.ca Tel : 437-961-1068","MODIFICATION DE L'HEURE DE CLÔTURE DE LA DATE LIMITE DE RÉPONSE: Veuillez ignorer l'heure de clôture de la date limite de réponse de la publication Ariba Discovery. Tous les pièces justificatives requises et la soumission doivent être soumises au plus tard le 23 Janvier 2026 avant 14h00 HNE. Toutes les soumissions soumises après 14h00 HNE seront déclaré non conforme.    Le détachement Trenton (Dét Ops Imm Trenton) de l’Unité des opérations immobilières (Ontario) a besoin d’acheter des pompes de chargement et de distribution de carburant pour F34, aux fins de transfert de carburant d’aviation en vrac à la BFC Trenton. Cette demande de propositions (DDP) et les pièces jointes ne peuvent être consultés et téléchargés que lorsque vous êtes connecté à votre compte SAP Ariba et que vous avez complété votre profil auprès du gouvernement du Canada.  Toutes modifications effectuées à cette DDP se trouvent dans la section Messages de l’événement de SAP Ariba.   Avez-vous des questions concernant les exigences techniques de la présente demande de propositions? Voici comment soumettre vos questions :       
 Les questions portant sur les exigences techniques du présent appel d’offres doivent être transmises au moyen du babillard Messages de l’événement de la présente DDP.               Coordonnées: Agent(e) d'approvisionnement, Approvisionnement
 Services publics et Approvisionnement Canada (SPAC) - Région de l’Ontario / Gouvernement du Canada
 elizabeth.yu@tpsgc-pwgsc.gc.ca Tél : 437-961-1068"
"EZ976-260943 - HVAC Maintenance Repair and Replacement Standing Offer","EZ976-260943 - Offre à commandes pour Maintenance, Réparation et Remplacement de systèmes CVCA","WS5460663506-Doc5502122825","000","WS5460663506","2025-12-30","2026-01-30T14:00:00","2025-12-30","","","Open","Ouvert","","","","*72101511
*72151200
*72151500","*Air conditioning installation or maintenance or repair service
*Heating and cooling and air conditioning HVAC construction and maintenance services
*Electrical system services","*Service d'installation, d'entretien ou de réparation de climatiseurs
*Services d'installation et d'entretien de systèmes de chauffage, de ventilation et de conditionnement d'air (CVCA)
*Services spécialisés dans les installations électriques","*CNST","Request for Standing Offer","Demande d’offre à commandes","Competitive - Open bidding","Concurrentielle - Invitation ouverte à soumissionner","Lowest Price","Prix le plus bas","None","Aucune","*Canadian Free Trade Agreement (CFTA)","*Accord de libre-échange canadien (ALEC)","","","*Yukon","*Yukon","Department of Public Works and Government Services (PSPC)","11 Laurier St, Phase III, Place du Portage","Gatineau","Quebec","K1A 0S5","Canada"," Ministère des Travaux publics et des Services gouvernementaux (SPAC)","11, rue Laurier, Phase III, Place du Portage","Gatineau","Québec","Canada","Department of Public Works and Government Services (PSPC)","11 Laurier St, Phase III, Place du Portage,Gatineau,Quebec,K1A 0S5,Canada"," Ministère des Travaux publics et des Services gouvernementaux (SPAC)","11, rue Laurier, Phase III, Place du Portage,Gatineau,Québec,K1A 0S5,Canada","Camara, Oulematou (SPAC/PSPC)","oulematou.camara@tpsgc-pwgsc.gc.ca","","","","","","","","","","","","https://portal.us.bn.cloud.ariba.com/dashboard/public/appext/comsapsbncdiscoveryui#/RfxEvent/preview/1110001467?anId=ANONYMOUS","https://portal.us.bn.cloud.ariba.com/dashboard/public/appext/comsapsbncdiscoveryui#/RfxEvent/preview/1110001467?anId=ANONYMOUS","","","Public Services Procurement Canada (PSPC) has a requirement for a Regional Individual Standing Offer (RISO) for the provision of Heating, Ventilation, and Air Conditioning (HVAC) services, installations, alterations, testing and repair work, as and when required, at detachments or houses located throughout the Yukon Territory for the Royal Canadian Mounted Police (RCMP). The contractor will be required to perform work in both urban and remote communities. The Contractor must be qualified/certified to provide the necessary professional services to the full extent in the Yukon Territory for the Classes of Labour required. The Contractor must provide all labor, materials, tools and, equipment for the complete service of HVAC systems in accordance with local, provincial and federal requirements. 
It is PSPC's intention to authorize one (1) standing offer for a period of 2 year with one optional year.","Services Publics Approvisionnements Canada (SPAC) souhaite établir une offre à commandes individuelle et régionale (OCIR) pour la prestation de services d’installation, de modification, d’essai et de réparation de systèmes de chauffage, de ventilation et de conditionnement de l’air (CVCA), selon les besoins, dans les détachements ou les maisons de la Gendarmerie royale du Canada (GRC) partout dans le territoire du Yukon.
 L’entrepreneur devra effectuer des travaux dans des communautés urbaines et éloignées. L’entrepreneur doit être avoir les compétences et les permis nécessaires pour fournir intégralement les services professionnels requis dans le territoire du Yukon, et ce, pour toutes les catégories de main-d’œuvre requises. L’entrepreneur doit fournir toute la main-d’œuvre, les matériaux, les outils et l’équipement nécessaires à l’entretien complet des systèmes de CVCA, conformément aux exigences locales, provinciales et fédérales. 
SPAC prévoit autoriser jusqu’à une (1) offre à commandes, pour une période de deux ans, avec une année additionnelle optionnelle."
"EZ899-260727 Engineering Services for Extraordinary Load Permit Requests","EZ899-260727 Services de génie pour les demandes de permis pour charges extraordinaires","WS5494844271-Doc5502138890","000","WS5494844271","2025-12-30","2026-02-09T14:00:00","2025-12-30","","","Open","Ouvert","","","","*81101500
*81101505
*81101510","*Civil engineering
*Structural engineering
*Highway engineering","*Génie civil
*Construction civile
*Ingénierie des autoroutes","*SRV","Request for Proposal","Demande de propositions","Competitive - Open bidding","Concurrentielle - Invitation ouverte à soumissionner","Highest Combined Rating of Technical Merit and Price","Cote combinée la plus élevée pour le mérite technique et le prix","None","Aucune","*Canada-UK Trade Continuity Agreement (Canada-UK TCA)
*Canada-Korea Free Trade Agreement (CKFTA)
*Canada-Chile Free Trade Agreement (CCFTA)
*Canada-Colombia Free Trade Agreement
*Canada-Panama Free Trade Agreement
*World Trade Organization Agreement on Government Procurement (WTO GPA)
*Canada-Ukraine Free Trade Agreement (CUFTA)
*Canada-Honduras Free Trade Agreement
*Canada-European Union Comprehensive Economic and Trade Agreement (CETA)
*Canada-Peru Free Trade Agreement (CPFTA)
*Canadian Free Trade Agreement (CFTA)
*Comprehensive and Progressive Agreement for Trans-Pacific Partnership (CPTPP)","*Accord de continuité commerciale Canada–Royaume-Uni (ACC Canada-Royaume-Uni)
*Accord de libre-échange Canada-Corée
*Accord de libre-échange Canada-Chili (ALECC)
*Accord de libre-échange Canada-Colombie
*Accord de libre-échange Canada-Panama
*Accord sur les marchés publics de l'Organisation mondiale du commerce (AMP-OMC)
*Accord de libre-échange Canada-Ukraine (ALECU)
*Accord de libre-échange Canada-Honduras
*Accord économique et commercial global (AECG) entre le Canada et l’Union européenne (UE)
*Accord de libre-échange Canada-Pérou (ALECP)
*Accord de libre-échange canadien (ALEC)
*Accord de Partenariat transpacifique global et progressiste (PTPGP)","","","*Canada
*British Columbia","*Canada
*Colombie-Britannique","Department of Public Works and Government Services (PSPC)","11 Laurier St, Phase III, Place du Portage","Gatineau","Quebec","K1A 0S5","Canada"," Ministère des Travaux publics et des Services gouvernementaux (SPAC)","11, rue Laurier, Phase III, Place du Portage","Gatineau","Québec","Canada","Department of Public Works and Government Services (PSPC)","11 Laurier St, Phase III, Place du Portage,Gatineau,Quebec,K1A 0S5,Canada"," Ministère des Travaux publics et des Services gouvernementaux (SPAC)","11, rue Laurier, Phase III, Place du Portage,Gatineau,Québec,K1A 0S5,Canada","Lam, Tian (SPAC/PSPC)","tian.lam@tpsgc-pwgsc.gc.ca","","","","","","","","","","","","https://portal.us.bn.cloud.ariba.com/dashboard/public/appext/comsapsbncdiscoveryui#/RfxEvent/preview/1110001468?anId=ANONYMOUS","https://portal.us.bn.cloud.ariba.com/dashboard/public/appext/comsapsbncdiscoveryui#/RfxEvent/preview/1110001468?anId=ANONYMOUS","","","Public Services and Procurement Canada (PSPC) has a requirement to establish one contract with Task Authorization for engineering services. The project will require the Consultant to provide structural and highway engineering disciplines for the review of extraordinary load permit application requests for the Alaska Highway in British Columbia.","Services publics et Approvisionnement Canada (SPAC) doit établir un contrat avec une autorisation de tâches pour des services de génie. Dans le cadre du projet, l’expert-conseil sera chargé des aspects liés à l’ingénierie structurale et routière de l’examen des demandes de permis pour charges extraordinaires pour la route de l’Alaska, en Colombie-Britannique."
